lon,lat,type,loctype,address,north,south,east,west
-94.5785667,39.0997265,locality,approximate,"kansas city, mo, usa",39.356662,38.827176,-94.385522,-94.765917
-149.0729714,62.4113634,colloquial_area,approximate,"west coast, usa",71.441059,18.86546,-114.131211,172.3478461
-79.9958864,40.4406248,locality,approximate,"pittsburgh, pa, usa",40.501368,40.3613689,-79.8657231,-80.0952779
-74.891865,44.9281049,locality,approximate,"massena, ny 13662, usa",44.948324,44.9040589,-74.859528,-74.924371
-80.1917902,25.7616798,locality,approximate,"miami, fl, usa",25.855773,25.709042,-80.139157,-80.3197599
-84.3879824,33.7489954,locality,approximate,"atlanta, ga, usa",33.8876179,33.6478079,-84.289389,-84.5518189
-96.6705503,33.1031744,locality,approximate,"allen, tx, usa",33.157565,33.0708109,-96.6088088,-96.736575
-86.1349019,40.2671941,administrative_area_level_1,approximate,"indiana, usa",41.761368,37.7717419,-84.784662,-88.097892
-77.0368707,38.9071923,locality,approximate,"washington, dc, usa",38.995548,38.7916449,-76.909393,-77.119759
-78.2336122,38.810949,locality,approximate,"browntown, va 22610, usa",38.819643,38.802254,-78.2176048,-78.2496196
-87.0499992,33.7556606,locality,approximate,"sumiton, al, usa",33.7807601,33.7175419,-87.0232828,-87.07137
-83.9207392,35.9606384,locality,approximate,"knoxville, tn, usa",36.067428,35.8494959,-83.688543,-84.161622
-74.0059728,40.7127753,locality,approximate,"new york, ny, usa",40.9175771,40.4773991,-73.7002721,-74.2590899
-74.0059728,40.7127753,locality,approximate,"new york, ny, usa",40.9175771,40.4773991,-73.7002721,-74.2590899
-95.7243335,37.2321077,establishment,rooftop,"800 n 21st st, independence, ks 67301, usa",37.23345668,37.23075872,-95.72298452,-95.72568248
-121.4037619,38.4609296,route,geometric_center,"visalia way, sacramento, ca 95828, usa",38.4638601,38.4607203,-121.3990685,-121.4073758
-83.9207392,35.9606384,locality,approximate,"knoxville, tn, usa",36.067428,35.8494959,-83.688543,-84.161622
-90.4974359,38.7881062,locality,approximate,"st charles, mo, usa",38.845103,38.7449639,-90.460517,-90.570824
-83.9207392,35.9606384,locality,approximate,"knoxville, tn, usa",36.067428,35.8494959,-83.688543,-84.161622
-78.8783689,42.8864468,locality,approximate,"buffalo, ny, usa",42.9664549,42.826023,-78.795157,-78.9337276
-75.1652215,39.9525839,locality,approximate,"philadelphia, pa, usa",40.1379919,39.8670041,-74.9557629,-75.280303
-86.0688811,40.7536528,locality,approximate,"peru, in 46970, usa",40.7869989,40.733768,-86.042211,-86.1354839
-77.5063739,37.665978,locality,approximate,"glen allen, va, usa",37.694173,37.6352219,-77.448312,-77.5274839
-71.0040013,42.2079017,locality,approximate,"braintree, ma, usa",42.238299,42.1682009,-70.9601911,-71.049548
-71.1097335,42.3736158,locality,approximate,"cambridge, ma, usa",42.4043839,42.3523968,-71.0654872,-71.1603321
-93.097702,41.8780025,administrative_area_level_1,approximate,"iowa, usa",43.5011961,40.375437,-90.1400609,-96.639535
-73.7948516,40.7282239,political,approximate,"queens, ny, usa",40.8122421,40.4897939,-73.7002721,-74.0421119
-86.1349019,40.2671941,administrative_area_level_1,approximate,"indiana, usa",41.761368,37.7717419,-84.784662,-88.097892
-76.6121893,39.2903848,locality,approximate,"baltimore, md, usa",39.3722059,39.1972069,-76.5294528,-76.7115191
-73.2006639,41.2428563,locality,approximate,"trumbull, ct 06611, usa",41.2992178,41.220596,-73.1406539,-73.2752601
-70.9704787,41.6130323,locality,approximate,"dartmouth, ma, usa",41.733902,41.4541381,-70.8643138,-71.0763871
-84.2807329,30.4382559,locality,approximate,"tallahassee, fl, usa",30.587337,30.346942,-84.129826,-84.3838858
-77.0368707,38.9071923,locality,approximate,"washington, dc, usa",38.995548,38.7916449,-76.909393,-77.119759
-120.5542012,43.8041334,administrative_area_level_1,approximate,"oregon, usa",46.299099,41.9917941,-116.463262,-124.7035411
-82.9000751,32.1656221,administrative_area_level_1,approximate,"georgia, usa",35.0006589,30.3555908,-80.751429,-85.6051649
-119.4179324,36.778261,administrative_area_level_1,approximate,"california, usa",42.0095169,32.528832,-114.131211,-124.482003
-87.6297982,41.8781136,locality,approximate,"chicago, il, usa",42.023131,41.6443349,-87.523661,-87.9402669
-72.9026064,41.3838782,locality,approximate,"hamden, ct, usa",41.4640969,41.327197,-72.851144,-72.974948
-106.0818233,35.9910383,locality,approximate,"espa√±ola, nm, usa",36.031033,35.9763831,-106.030448,-106.120188
-87.2291809,39.7625404,locality,approximate,"rockville, in 47872, usa",39.778875,39.752573,-87.2126761,-87.244495
-87.2291809,39.7625404,locality,approximate,"rockville, in 47872, usa",39.778875,39.752573,-87.2126761,-87.244495
-79.0192997,35.7595731,administrative_area_level_1,approximate,"north carolina, usa",36.5881568,33.7528778,-75.400119,-84.321869
-79.7625625,34.1954331,locality,approximate,"florence, sc, usa",34.22983,34.1106179,-79.7170199,-79.8721801
-73.7562317,42.6525793,locality,approximate,"albany, ny, usa",42.7223788,42.61379,-73.723263,-73.898099
-94.5785667,39.0997265,locality,approximate,"kansas city, mo, usa",39.356662,38.827176,-94.385522,-94.765917
-96.7025955,40.813616,locality,approximate,"lincoln, ne, usa",40.8899361,40.7112819,-96.5773068,-96.8041498
-86.1349019,40.2671941,administrative_area_level_1,approximate,"indiana, usa",41.761368,37.7717419,-84.784662,-88.097892
-73.9441579,40.6781784,political,approximate,"brooklyn, ny, usa",40.739446,40.551042,-73.8333651,-74.05663
-82.907123,40.4172871,administrative_area_level_1,approximate,"ohio, usa",42.327132,38.4034229,-80.5182,-84.8203049
-79.9958864,40.4406248,locality,approximate,"pittsburgh, pa, usa",40.501368,40.3613689,-79.8657231,-80.0952779
-74.0059728,40.7127753,locality,approximate,"new york, ny, usa",40.9175771,40.4773991,-73.7002721,-74.2590899
-76.7267773,39.1137602,locality,approximate,"fort meade, md, usa",39.1306079,39.088709,-76.7132909,-76.7757461
-82.907123,40.4172871,administrative_area_level_1,approximate,"ohio, usa",42.327132,38.4034229,-80.5182,-84.8203049
-90.4974359,38.7881062,locality,approximate,"st charles, mo, usa",38.845103,38.7449639,-90.460517,-90.570824
-71.3824374,42.4072107,administrative_area_level_1,approximate,"massachusetts, usa",42.88679,41.187053,-69.858861,-73.5081419
-122.8212299,45.8589719,locality,approximate,"st helens, or, usa",45.8842637,45.8299339,-122.7849442,-122.8566684
-86.2519898,41.6763545,locality,approximate,"south bend, in, usa",41.752098,41.5973428,-86.1912859,-86.3604831
-82.4571776,27.950575,locality,approximate,"tampa, fl, usa",28.1714781,27.817487,-82.2597409,-82.64882
-93.097702,41.8780025,administrative_area_level_1,approximate,"iowa, usa",43.5011961,40.375437,-90.1400609,-96.639535
-81.5157535,27.6648274,administrative_area_level_1,approximate,"florida, usa",32.3607674,22.8285924,-77.8049338,-89.8042682
-72.9278835,41.308274,locality,approximate,"new haven, ct, usa",41.35038,41.2461968,-72.8601438,-72.998048
-120.7401385,47.7510741,administrative_area_level_1,approximate,"washington, usa",49.0024305,45.543541,-116.91558,-124.8489739
-99.9018131,31.9685988,administrative_area_level_1,approximate,"texas, usa",36.5007041,25.8371638,-93.5080389,-106.6456461
-71.0994968,42.3875968,locality,approximate,"somerville, ma, usa",42.418118,42.372966,-71.0729949,-71.1345009
-80.1289321,26.3683064,locality,approximate,"boca raton, fl, usa",26.4249029,26.3207559,-80.063664,-80.1710669
-89.3985283,40.6331249,administrative_area_level_1,approximate,"illinois, usa",42.5083379,36.970298,-87.019935,-91.5130789
-83.0457538,42.331427,locality,approximate,"detroit, mi, usa",42.45023,42.255192,-82.910451,-83.287959
-84.2830245,42.6889235,locality,approximate,"williamston, mi 48895, usa",42.7009691,42.666077,-84.2637319,-84.308194
-74.0059728,40.7127753,locality,approximate,"new york, ny, usa",40.9175771,40.4773991,-73.7002721,-74.2590899
-71.3824374,42.4072107,administrative_area_level_1,approximate,"massachusetts, usa",42.88679,41.187053,-69.858861,-73.5081419
-77.0368707,38.9071923,locality,approximate,"washington, dc, usa",38.995548,38.7916449,-76.909393,-77.119759
-77.0368707,38.9071923,locality,approximate,"washington, dc, usa",38.995548,38.7916449,-76.909393,-77.119759
-99.9018131,31.9685988,administrative_area_level_1,approximate,"texas, usa",36.5007041,25.8371638,-93.5080389,-106.6456461
-87.6297982,41.8781136,locality,approximate,"chicago, il, usa",42.023131,41.6443349,-87.523661,-87.9402669
-81.5157535,27.6648274,administrative_area_level_1,approximate,"florida, usa",32.3607674,22.8285924,-77.8049338,-89.8042682
-84.4864007,43.9808549,locality,approximate,"gladwin, mi 48624, usa",43.9984569,43.970352,-84.4656008,-84.5104829
-79.1994874,33.9998881,locality,approximate,"aynor, sc, usa",34.0072519,33.9870459,-79.1896631,-79.2127109
-83.8701636,30.5452022,locality,approximate,"monticello, fl 32344, usa",30.5622639,30.521115,-83.851478,-83.893635
-80.7236804,35.1168131,locality,approximate,"matthews, nc, usa",35.173344,35.0809749,-80.654169,-80.7634539
-81.440907,27.495592,locality,approximate,"sebring, fl, usa",27.5282989,27.4124461,-81.4130031,-81.499888
-84.3879824,33.7489954,locality,approximate,"atlanta, ga, usa",33.8876179,33.6478079,-84.289389,-84.5518189
-72.7673198,41.3275971,locality,approximate,"north branford, ct 06471, usa",41.3773931,41.305197,-72.7417409,-72.824043
-82.4571776,27.950575,locality,approximate,"tampa, fl, usa",28.1714781,27.817487,-82.2597409,-82.64882
-82.9987942,39.9611755,locality,approximate,"columbus, oh, usa",40.1572719,39.808631,-82.7713781,-83.2102799
-88.0398912,30.6953657,locality,approximate,"mobile, al, usa",30.843458,30.560374,-87.9566159,-88.2212529
-76.4954491,38.9785971,establishment,rooftop,"60 west st #107, annapolis, md 21401, usa",38.97994608,38.97724812,-76.49410012,-76.49679808
-74.0059728,40.7127753,locality,approximate,"new york, ny, usa",40.9175771,40.4773991,-73.7002721,-74.2590899
-83.627157,41.556996,locality,approximate,"perrysburg, oh 43551, usa",41.571512,41.499635,-83.591397,-83.695948
-77.0368707,38.9071923,locality,approximate,"washington, dc, usa",38.995548,38.7916449,-76.909393,-77.119759
-72.7559325,44.337827,establishment,rooftop,"9 stowe st, waterbury, vt 05676, usa",44.33917598,44.33647802,-72.75458352,-72.75728148
-86.8103567,33.5185892,locality,approximate,"birmingham, al, usa",33.6787149,33.3837599,-86.5781498,-87.1221241
-86.9966606,33.4512197,locality,approximate,"hueytown, al, usa",33.4687459,33.3783661,-86.951576,-87.0798031
-86.902298,32.3182314,administrative_area_level_1,approximate,"alabama, usa",35.008028,30.144425,-84.888246,-88.4732269
-86.8103567,33.5185892,locality,approximate,"birmingham, al, usa",33.6787149,33.3837599,-86.5781498,-87.1221241
-86.8103567,33.5185892,locality,approximate,"birmingham, al, usa",33.6787149,33.3837599,-86.5781498,-87.1221241
-86.8103567,33.5185892,locality,approximate,"birmingham, al, usa",33.6787149,33.3837599,-86.5781498,-87.1221241
-86.8103567,33.5185892,locality,approximate,"birmingham, al, usa",33.6787149,33.3837599,-86.5781498,-87.1221241
-86.8103567,33.5185892,locality,approximate,"birmingham, al, usa",33.6787149,33.3837599,-86.5781498,-87.1221241
-86.8103567,33.5185892,locality,approximate,"birmingham, al, usa",33.6787149,33.3837599,-86.5781498,-87.1221241
-81.6326234,38.3498195,locality,approximate,"charleston, wv, usa",38.4057589,38.2811389,-81.55931,-81.7277771
-86.8103567,33.5185892,locality,approximate,"birmingham, al, usa",33.6787149,33.3837599,-86.5781498,-87.1221241
-86.7522107,33.5009384,locality,approximate,"mountain brook, al, usa",33.5225639,33.440841,-86.691666,-86.788087
-77.0368707,38.9071923,locality,approximate,"washington, dc, usa",38.995548,38.7916449,-76.909393,-77.119759
-75.1652215,39.9525839,locality,approximate,"philadelphia, pa, usa",40.1379919,39.8670041,-74.9557629,-75.280303
-73.4742914,40.6806563,locality,approximate,"massapequa, ny, usa",40.6929469,40.646001,-73.4541681,-73.487036
-71.2356113,42.3764852,locality,approximate,"waltham, ma, usa",42.424226,42.353715,-71.1938809,-71.285501
-74.0386271,40.2091219,administrative_area_level_3,approximate,"neptune township, nj, usa",40.234395,40.1825028,-73.9984811,-74.0944338
-86.3077368,32.3792233,locality,approximate,"montgomery, al, usa",32.4376769,32.249921,-86.0722051,-86.4198699
-77.5063739,37.665978,locality,approximate,"glen allen, va, usa",37.694173,37.6352219,-77.448312,-77.5274839
-81.5157535,27.6648274,administrative_area_level_1,approximate,"florida, usa",32.3607674,22.8285924,-77.8049338,-89.8042682
-75.2424229,39.8743959,airport,rooftop,"philadelphia international airport (phl), 8000 essington ave, philadelphia, pa 19153, usa",39.87574488,39.87304692,-75.24107392,-75.24377188
-78.3147199,35.8243208,locality,approximate,"zebulon, nc 27597, usa",35.868446,35.8119261,-78.260845,-78.34773
-98.7075744,35.5261633,locality,approximate,"weatherford, ok 73096, usa",35.5660219,35.5151221,-98.649917,-98.7251579
-82.0105148,33.4734978,locality,approximate,"augusta, ga, usa",33.5449331,33.227148,-81.828336,-82.353499
-74.1723667,40.735657,locality,approximate,"newark, nj, usa",40.788664,40.6739029,-74.1127869,-74.2513239
-79.9958864,40.4406248,locality,approximate,"pittsburgh, pa, usa",40.501368,40.3613689,-79.8657231,-80.0952779
-72.6624209,42.3471357,administrative_area_level_2,approximate,"hampshire county, ma, usa",42.5559329,42.1831841,-72.203363,-73.0686179
-105.2705456,40.0149856,locality,approximate,"boulder, co, usa",40.0945509,39.9640689,-105.178197,-105.3017579
-94.5785667,39.0997265,locality,approximate,"kansas city, mo, usa",39.356662,38.827176,-94.385522,-94.765917
-81.091203,32.0808989,locality,approximate,"savannah, ga, usa",32.189996,31.887691,-81.030166,-81.370391
-117.99459,33.6694178,route,geometric_center,"nashville ave, huntington beach, ca 92648, usa",33.67074648,33.66804852,-117.9928987,-117.996696
-80.8431267,35.2270869,locality,approximate,"charlotte, nc, usa",35.393133,35.0131739,-80.670104,-81.0095539
-94.7151865,39.0228485,locality,approximate,"shawnee, ks, usa",39.061361,38.970923,-94.7050369,-94.9094629
-86.7816016,36.1626638,locality,approximate,"nashville, tn, usa",36.4054959,35.9677851,-86.5155879,-87.054903
-74.4518188,40.4862157,locality,approximate,"new brunswick, nj, usa",40.509533,40.467221,-74.3924118,-74.4895239
-85.7584557,38.2526647,locality,approximate,"louisville, ky, usa",38.38051,37.9971,-85.4051,-85.948441
-87.5710898,37.9715592,locality,approximate,"evansville, in, usa",38.0568899,37.935588,-87.450011,-87.637548
-111.6946475,40.2968979,locality,approximate,"orem, ut, usa",40.333824,40.2567399,-111.6345881,-111.7563371
-74.0059728,40.7127753,locality,approximate,"new york, ny, usa",40.9175771,40.4773991,-73.7002721,-74.2590899
-87.6297982,41.8781136,locality,approximate,"chicago, il, usa",42.023131,41.6443349,-87.523661,-87.9402669
-92.9201731,36.464511,locality,approximate,"diamond city, ar 72644, usa",36.4765808,36.440597,-92.896047,-92.9308089
-81.5157535,27.6648274,administrative_area_level_1,approximate,"florida, usa",32.3607674,22.8285924,-77.8049338,-89.8042682
-71.0588801,42.3600825,locality,approximate,"boston, ma, usa",42.4008199,42.22788,-70.749455,-71.191113
-85.7077266,32.430237,locality,approximate,"tuskegee, al, usa",32.517246,32.3865499,-85.6433519,-85.7870339
-119.4179324,36.778261,administrative_area_level_1,approximate,"california, usa",42.0095169,32.528832,-114.131211,-124.482003
-99.9018131,31.9685988,administrative_area_level_1,approximate,"texas, usa",36.5007041,25.8371638,-93.5080389,-106.6456461
-81.1637245,33.836081,administrative_area_level_1,approximate,"south carolina, usa",35.2155401,32.033454,-78.4993009,-83.353928
-84.3879824,33.7489954,locality,approximate,"atlanta, ga, usa",33.8876179,33.6478079,-84.289389,-84.5518189
-82.9987942,39.9611755,locality,approximate,"columbus, oh, usa",40.1572719,39.808631,-82.7713781,-83.2102799
-80.0364297,26.7056206,locality,approximate,"palm beach, fl, usa",26.7730349,26.594181,-80.030362,-80.0490629
-88.0817251,41.525031,locality,approximate,"joliet, il, usa",41.5946909,41.431339,-87.990791,-88.3095478
-74.0059728,40.7127753,locality,approximate,"new york, ny, usa",40.9175771,40.4773991,-73.7002721,-74.2590899
-86.5861037,34.7303688,locality,approximate,"huntsville, al, usa",34.8652061,34.537651,-86.413795,-86.905704
-81.5190053,41.0814447,locality,approximate,"akron, oh, usa",41.171061,40.9976731,-81.4049419,-81.6210139
-91.8318334,37.9642529,administrative_area_level_1,approximate,"missouri, usa",40.61364,35.9956829,-89.099494,-95.774704
-81.0348144,34.0007104,locality,approximate,"columbia, sc, usa",34.131598,33.9434199,-80.7041519,-81.170978
-82.907123,40.4172871,administrative_area_level_1,approximate,"ohio, usa",42.327132,38.4034229,-80.5182,-84.8203049
-73.9441579,40.6781784,political,approximate,"brooklyn, ny, usa",40.739446,40.551042,-73.8333651,-74.05663
-81.1637245,33.836081,administrative_area_level_1,approximate,"south carolina, usa",35.2155401,32.033454,-78.4993009,-83.353928
-96.7969879,32.7766642,locality,approximate,"dallas, tx, usa",33.0237921,32.617537,-96.4637379,-96.999347
-74.0434736,40.8859325,locality,approximate,"hackensack, nj, usa",40.9132849,40.8586979,-74.024737,-74.068385
-94.5785667,39.0997265,locality,approximate,"kansas city, mo, usa",39.356662,38.827176,-94.385522,-94.765917
-96.7982948,32.6335361,establishment,rooftop,"2101 danieldale rd, lancaster, tx 75134, usa",32.63488508,32.63218712,-96.79694582,-96.79964378
-85.6023643,44.3148443,administrative_area_level_1,approximate,"michigan, usa",48.3060628,41.696118,-82.1229709,-90.4181358
-78.8783689,42.8864468,locality,approximate,"buffalo, ny, usa",42.9664549,42.826023,-78.795157,-78.9337276
-96.7969879,32.7766642,locality,approximate,"dallas, tx, usa",33.0237921,32.617537,-96.4637379,-96.999347
-99.9018131,31.9685988,administrative_area_level_1,approximate,"texas, usa",36.5007041,25.8371638,-93.5080389,-106.6456461
-80.1917902,25.7616798,locality,approximate,"miami, fl, usa",25.855773,25.709042,-80.139157,-80.3197599
-74.0059728,40.7127753,locality,approximate,"new york, ny, usa",40.9175771,40.4773991,-73.7002721,-74.2590899
-73.8320784,40.9381544,locality,approximate,"bronxville, ny, usa",40.948304,40.9260036,-73.8029176,-73.8386318
-78.6568942,37.4315734,administrative_area_level_1,approximate,"virginia, usa",39.466012,36.5407589,-75.1664349,-83.675415
-84.6266111,38.9989499,locality,approximate,"florence, ky, usa",39.0309139,38.9316698,-84.6110839,-84.7066639
-71.3824374,42.4072107,administrative_area_level_1,approximate,"massachusetts, usa",42.88679,41.187053,-69.858861,-73.5081419
-104.8213634,38.8338816,locality,approximate,"colorado springs, co, usa",39.0353389,38.7160299,-104.5988969,-104.917822
-83.2646624,42.8247524,neighborhood,approximate,"oxford, oxford charter township, mi 48371, usa",42.829358,42.810575,-83.237911,-83.277725
-84.3879824,33.7489954,locality,approximate,"atlanta, ga, usa",33.8876179,33.6478079,-84.289389,-84.5518189
-84.3879824,33.7489954,locality,approximate,"atlanta, ga, usa",33.8876179,33.6478079,-84.289389,-84.5518189
-82.0105148,33.4734978,locality,approximate,"augusta, ga, usa",33.5449331,33.227148,-81.828336,-82.353499
-73.7948516,40.7282239,political,approximate,"queens, ny, usa",40.8122421,40.4897939,-73.7002721,-74.0421119
-120.7401385,47.7510741,administrative_area_level_1,approximate,"washington, usa",49.0024305,45.543541,-116.91558,-124.8489739
-84.2963123,33.7748275,locality,approximate,"decatur, ga 30030, usa",33.7934991,33.751003,-84.278129,-84.3157389
-81.5157535,27.6648274,administrative_area_level_1,approximate,"florida, usa",32.3607674,22.8285924,-77.8049338,-89.8042682
-89.3985283,40.6331249,administrative_area_level_1,approximate,"illinois, usa",42.5083379,36.970298,-87.019935,-91.5130789
-86.9211946,40.4237054,establishment,rooftop,"610 purdue mall, west lafayette, in 47907, usa",40.42505438,40.42235642,-86.91984562,-86.92254358
-84.4493725,33.6534427,locality,approximate,"college park, ga, usa",33.6694689,33.6039058,-84.4284269,-84.500288
-85.5872286,42.2917069,locality,approximate,"kalamazoo, mi, usa",42.332752,42.2155639,-85.5307821,-85.6635149
-84.3879824,33.7489954,locality,approximate,"atlanta, ga, usa",33.8876179,33.6478079,-84.289389,-84.5518189
-99.9018131,31.9685988,administrative_area_level_1,approximate,"texas, usa",36.5007041,25.8371638,-93.5080389,-106.6456461
-73.087749,41.6032207,administrative_area_level_1,approximate,"connecticut, usa",42.050587,40.950943,-71.787239,-73.727775
-74.0059728,40.7127753,locality,approximate,"new york, ny, usa",40.9175771,40.4773991,-73.7002721,-74.2590899
-79.0192997,35.7595731,administrative_area_level_1,approximate,"north carolina, usa",36.5881568,33.7528778,-75.400119,-84.321869
-91.8318334,35.20105,administrative_area_level_1,approximate,"arkansas, usa",36.4997491,33.0041059,-89.6448379,-94.617919
-99.9018131,31.9685988,administrative_area_level_1,approximate,"texas, usa",36.5007041,25.8371638,-93.5080389,-106.6456461
-87.9064736,43.0389025,locality,approximate,"milwaukee, wi, usa",43.1949671,42.9208158,-87.8639841,-88.070876
-73.9441579,40.6781784,political,approximate,"brooklyn, ny, usa",40.739446,40.551042,-73.8333651,-74.05663
-104.990251,39.7392358,locality,approximate,"denver, co, usa",39.9142469,39.614431,-104.6002959,-105.109927
-81.7981908,41.4819932,locality,approximate,"lakewood, oh, usa",41.500048,41.4632469,-81.7685719,-81.8439821
-85.6811017,42.9851272,bar,rooftop,"527 leonard st nw, grand rapids, mi 49504, usa",42.98647618,42.98377822,-85.67975272,-85.68245068
-76.6121893,39.2903848,locality,approximate,"baltimore, md, usa",39.3722059,39.1972069,-76.5294528,-76.7115191
-89.0928155,30.3674198,locality,approximate,"gulfport, ms, usa",30.500328,30.342797,-89.000714,-89.136691
-74.4056612,40.0583238,administrative_area_level_1,approximate,"new jersey, usa",41.357423,38.788657,-73.88506,-75.5635861
-87.6297982,41.8781136,locality,approximate,"chicago, il, usa",42.023131,41.6443349,-87.523661,-87.9402669
-87.6297982,41.8781136,locality,approximate,"chicago, il, usa",42.023131,41.6443349,-87.523661,-87.9402669
-74.0059728,40.7127753,locality,approximate,"new york, ny, usa",40.9175771,40.4773991,-73.7002721,-74.2590899
-86.902298,32.3182314,administrative_area_level_1,approximate,"alabama, usa",35.008028,30.144425,-84.888246,-88.4732269
-78.8783689,42.8864468,locality,approximate,"buffalo, ny, usa",42.9664549,42.826023,-78.795157,-78.9337276
-149.0729714,62.4113634,colloquial_area,approximate,"west coast, usa",71.441059,18.86546,-114.131211,172.3478461
-119.4179324,36.778261,administrative_area_level_1,approximate,"california, usa",42.0095169,32.528832,-114.131211,-124.482003
-71.0588801,42.3600825,locality,approximate,"boston, ma, usa",42.4008199,42.22788,-70.749455,-71.191113
-74.0059728,40.7127753,locality,approximate,"new york, ny, usa",40.9175771,40.4773991,-73.7002721,-74.2590899
-76.6121893,39.2903848,locality,approximate,"baltimore, md, usa",39.3722059,39.1972069,-76.5294528,-76.7115191
-86.5804473,35.5174913,administrative_area_level_1,approximate,"tennessee, usa",36.678118,34.9829239,-81.6469,-90.3102978
-85.1393513,41.079273,locality,approximate,"fort wayne, in, usa",41.199779,40.965447,-84.998627,-85.303173
-104.7613633,39.5186002,locality,approximate,"parker, co, usa",39.56609,39.4500209,-104.7083891,-104.822989
-81.6943605,41.49932,locality,approximate,"cleveland, oh, usa",41.604436,41.390628,-81.5327439,-81.878976
-74.0059728,40.7127753,locality,approximate,"new york, ny, usa",40.9175771,40.4773991,-73.7002721,-74.2590899
-75.5276699,38.9108325,administrative_area_level_1,approximate,"delaware, usa",39.8394839,38.451018,-74.984165,-75.7891479
-77.0368707,38.9071923,locality,approximate,"washington, dc, usa",38.995548,38.7916449,-76.909393,-77.119759
-87.6297982,41.8781136,locality,approximate,"chicago, il, usa",42.023131,41.6443349,-87.523661,-87.9402669
-83.357567,33.9519347,locality,approximate,"athens, ga, usa",34.040572,33.8479769,-83.24086,-83.537385
-81.3792365,28.5383355,locality,approximate,"orlando, fl, usa",28.6143519,28.3479859,-81.22977,-81.50773
-84.3557802,41.2844933,locality,approximate,"defiance, oh 43512, usa",41.3190729,41.2400898,-84.3173791,-84.438018
-82.2945923,38.4095298,locality,approximate,"barboursville, wv, usa",38.428707,38.383595,-82.250271,-82.3551569
-81.8497567,41.4768217,locality,approximate,"rocky river, oh 44116, usa",41.4946239,41.449725,-81.8219039,-81.8745069
-95.7243335,37.2321077,establishment,rooftop,"800 n 21st st, independence, ks 67301, usa",37.23345668,37.23075872,-95.72298452,-95.72568248
-94.6858998,46.729553,administrative_area_level_1,approximate,"minnesota, usa",49.384358,43.499361,-89.4833851,-97.2391959
-74.6672226,40.3572976,locality,approximate,"princeton, nj, usa",40.3917548,40.3048718,-74.6175079,-74.722177
-73.134961,40.789142,establishment,approximate,"long island, new york, usa",41.1612401,40.5429789,-71.8562011,-74.0419497
-81.5157535,27.6648274,administrative_area_level_1,approximate,"florida, usa",32.3607674,22.8285924,-77.8049338,-89.8042682
-84.6102213,38.8756194,locality,approximate,"walton, ky 41094, usa",38.8892659,38.8417699,-84.5874379,-84.6405749
-73.9441579,40.6781784,political,approximate,"brooklyn, ny, usa",40.739446,40.551042,-73.8333651,-74.05663
-81.5157535,27.6648274,administrative_area_level_1,approximate,"florida, usa",32.3607674,22.8285924,-77.8049338,-89.8042682
-75.6848002,38.2102166,establishment,rooftop,"11868 college backbone rd, princess anne, md 21853, usa",38.21156558,38.20886762,-75.68345122,-75.68614918
-82.4571776,27.950575,locality,approximate,"tampa, fl, usa",28.1714781,27.817487,-82.2597409,-82.64882
-86.5804473,35.5174913,administrative_area_level_1,approximate,"tennessee, usa",36.678118,34.9829239,-81.6469,-90.3102978
-82.9240833,42.4330924,locality,approximate,"harper woods, mi 48225, usa",42.450769,42.421349,-82.911051,-82.9518019
-86.3994387,39.7042123,locality,approximate,"plainfield, in, usa",39.7404358,39.658991,-86.326324,-86.4409928
-73.9441579,40.6781784,political,approximate,"brooklyn, ny, usa",40.739446,40.551042,-73.8333651,-74.05663
-82.4571776,27.950575,locality,approximate,"tampa, fl, usa",28.1714781,27.817487,-82.2597409,-82.64882
-80.8431267,35.2270869,locality,approximate,"charlotte, nc, usa",35.393133,35.0131739,-80.670104,-81.0095539
-77.0368707,38.9071923,locality,approximate,"washington, dc, usa",38.995548,38.7916449,-76.909393,-77.119759
-77.0368707,38.9071923,locality,approximate,"washington, dc, usa",38.995548,38.7916449,-76.909393,-77.119759
-81.7886906,28.0652975,locality,approximate,"auburndale, fl, usa",28.170319,28.024198,-81.7534349,-81.8461541
-73.9441579,40.6781784,political,approximate,"brooklyn, ny, usa",40.739446,40.551042,-73.8333651,-74.05663
-73.9441579,40.6781784,political,approximate,"brooklyn, ny, usa",40.739446,40.551042,-73.8333651,-74.05663
-71.3824374,42.4072107,administrative_area_level_1,approximate,"massachusetts, usa",42.88679,41.187053,-69.858861,-73.5081419
-76.0488458,43.0481962,establishment,rooftop,"1, 5811 heritage landing dr, east syracuse, ny 13057, usa",43.04954518,43.04684722,-76.04749682,-76.05019478
-79.0192997,35.7595731,administrative_area_level_1,approximate,"north carolina, usa",36.5881568,33.7528778,-75.400119,-84.321869
-82.907123,40.4172871,administrative_area_level_1,approximate,"ohio, usa",42.327132,38.4034229,-80.5182,-84.8203049
-80.0997657,26.3184123,locality,approximate,"deerfield beach, fl, usa",26.3278561,26.274402,-80.074864,-80.1699249
-95.7243335,37.2321077,establishment,rooftop,"800 n 21st st, independence, ks 67301, usa",37.23345668,37.23075872,-95.72298452,-95.72568248
-83.4027844,42.1626843,neighborhood,approximate,"new boston, huron charter twp, mi 48164, usa",42.1689288,42.1536155,-83.3933013,-83.4158145
-90.100919,32.5165294,locality,approximate,"gluckstadt, ms 39110, usa",32.5259377,32.5071201,-90.0849116,-90.1169264
-97.330053,37.6871761,locality,approximate,"wichita, ks, usa",37.8401999,37.489018,-97.153025,-97.7343619
-75.1652215,39.9525839,locality,approximate,"philadelphia, pa, usa",40.1379919,39.8670041,-74.9557629,-75.280303
-89.3985283,32.3546679,administrative_area_level_1,approximate,"mississippi, usa",34.9961091,30.146096,-88.097888,-91.6550089
-157.8583333,21.3069444,locality,approximate,"honolulu, hi, usa",21.4012299,21.2548377,-157.6487031,-157.949443
-120.7401385,47.7510741,administrative_area_level_1,approximate,"washington, usa",49.0024305,45.543541,-116.91558,-124.8489739
-86.4808043,36.9685219,locality,approximate,"bowling green, ky, usa",37.0466521,36.898847,-86.3067189,-86.5332069
-83.985,42.43472,locality,approximate,"hell, mi 48169, usa",42.4429546,42.4264843,-83.9689926,-84.0010074
-86.4808043,36.9685219,locality,approximate,"bowling green, ky, usa",37.0466521,36.898847,-86.3067189,-86.5332069
-86.4808043,36.9685219,locality,approximate,"bowling green, ky, usa",37.0466521,36.898847,-86.3067189,-86.5332069
-86.4808043,36.9685219,locality,approximate,"bowling green, ky, usa",37.0466521,36.898847,-86.3067189,-86.5332069
-119.4179324,36.778261,administrative_area_level_1,approximate,"california, usa",42.0095169,32.528832,-114.131211,-124.482003
-119.4179324,36.778261,administrative_area_level_1,approximate,"california, usa",42.0095169,32.528832,-114.131211,-124.482003
-119.4179324,36.778261,administrative_area_level_1,approximate,"california, usa",42.0095169,32.528832,-114.131211,-124.482003
-74.4056612,40.0583238,administrative_area_level_1,approximate,"new jersey, usa",41.357423,38.788657,-73.88506,-75.5635861
-97.5164276,35.4675602,locality,approximate,"oklahoma city, ok, usa",35.674752,35.2905439,-97.12472,-97.8336749
-84.3879824,33.7489954,locality,approximate,"atlanta, ga, usa",33.8876179,33.6478079,-84.289389,-84.5518189
-80.1917902,25.7616798,locality,approximate,"miami, fl, usa",25.855773,25.709042,-80.139157,-80.3197599
-87.6297982,41.8781136,locality,approximate,"chicago, il, usa",42.023131,41.6443349,-87.523661,-87.9402669
-74.7161489,40.8418677,neighborhood,approximate,"flanders, mt olive township, nj 07836, usa",40.8704638,40.811862,-74.681705,-74.7685389
-76.6412712,39.0457549,administrative_area_level_1,approximate,"maryland, usa",39.723037,37.8866049,-74.9862819,-79.4876511
-119.4179324,36.778261,administrative_area_level_1,approximate,"california, usa",42.0095169,32.528832,-114.131211,-124.482003
-81.5157535,27.6648274,administrative_area_level_1,approximate,"florida, usa",32.3607674,22.8285924,-77.8049338,-89.8042682
-80.1386547,26.8233946,locality,approximate,"palm beach gardens, fl, usa",26.898252,26.78539,-80.0572749,-80.2692631
-74.0059728,40.7127753,locality,approximate,"new york, ny, usa",40.9175771,40.4773991,-73.7002721,-74.2590899
-101.9188024,34.9803342,locality,approximate,"canyon, tx 79015, usa",35.028577,34.96459,-101.87524,-101.9546821
-119.4179324,36.778261,administrative_area_level_1,approximate,"california, usa",42.0095169,32.528832,-114.131211,-124.482003
-87.5710898,37.9715592,locality,approximate,"evansville, in, usa",38.0568899,37.935588,-87.450011,-87.637548
-82.9000751,32.1656221,administrative_area_level_1,approximate,"georgia, usa",35.0006589,30.3555908,-80.751429,-85.6051649
-77.0909809,38.8816208,administrative_area_level_2,approximate,"arlington county, arlington, va, usa",38.934343,38.82729,-77.032143,-77.1721691
-81.2518833,41.981532,administrative_area_level_2,approximate,"lake county, oh, usa",42.2516019,41.569176,-81.0022309,-81.4951811
-88.7943766,33.4551742,establishment,geometric_center,"75 b. s. hood road, mississippi state, ms 39762, usa",33.45652318,33.45382522,-88.79302762,-88.79572558
-86.158068,39.768403,locality,approximate,"indianapolis, in, usa",39.927392,39.632177,-85.9373789,-86.3281211
-74.1371832,40.0578384,locality,approximate,"brick, nj, usa",40.1370359,40.0012168,-74.0511199,-74.1605699
-78.1633341,39.1856597,locality,approximate,"winchester, va 22601, usa",39.204733,39.13097,-78.1369529,-78.200731
-83.9879625,33.9562149,locality,approximate,"lawrenceville, ga, usa",33.990437,33.912095,-83.9514349,-84.0462911
-82.1273312,34.9481741,locality,approximate,"lyman, sc, usa",34.980977,34.9276369,-82.082163,-82.1683171
-76.3482931,39.5359406,locality,approximate,"bel air, md 21014, usa",39.5519479,39.5124431,-76.324012,-76.3679948
-82.9987942,39.9611755,locality,approximate,"columbus, oh, usa",40.1572719,39.808631,-82.7713781,-83.2102799
-86.8103567,33.5185892,locality,approximate,"birmingham, al, usa",33.6787149,33.3837599,-86.5781498,-87.1221241
-80.244216,36.0998596,locality,approximate,"winston-salem, nc, usa",36.212599,35.996545,-80.1009689,-80.3859469
-120.7401385,47.7510741,administrative_area_level_1,approximate,"washington, usa",49.0024305,45.543541,-116.91558,-124.8489739
-120.7401385,47.7510741,administrative_area_level_1,approximate,"washington, usa",49.0024305,45.543541,-116.91558,-124.8489739
-88.5694182,47.1211331,locality,approximate,"houghton, mi 49931, usa",47.1243489,47.0979108,-88.511652,-88.611693
-111.0937311,39.3209801,administrative_area_level_1,approximate,"utah, usa",42.001618,36.9979031,-109.0410581,-114.0529979
-79.0192997,35.7595731,administrative_area_level_1,approximate,"north carolina, usa",36.5881568,33.7528778,-75.400119,-84.321869
-120.7401385,47.7510741,administrative_area_level_1,approximate,"washington, usa",49.0024305,45.543541,-116.91558,-124.8489739
-77.7199932,39.6417629,locality,approximate,"hagerstown, md, usa",39.6736209,39.5999039,-77.672271,-77.773136
-81.1637245,33.836081,administrative_area_level_1,approximate,"south carolina, usa",35.2155401,32.033454,-78.4993009,-83.353928
-92.0165336,34.974532,locality,approximate,"cabot, ar, usa",35.0372459,34.923576,-91.9798088,-92.087552
-79.9310512,32.7764749,locality,approximate,"charleston, sc, usa",32.973586,32.6685048,-79.7971659,-80.14379
-89.3985283,40.6331249,administrative_area_level_1,approximate,"illinois, usa",42.5083379,36.970298,-87.019935,-91.5130789
-71.1350575,42.6987024,locality,approximate,"north andover, ma 01845, usa",42.741191,42.604092,-71.021326,-71.145748
-84.3960118,33.7788726,establishment,rooftop,"311 ferst dr, atlanta, ga 30318, usa",33.78022158,33.77752362,-84.39466282,-84.39736078
-96.7025955,40.813616,locality,approximate,"lincoln, ne, usa",40.8899361,40.7112819,-96.5773068,-96.8041498
-71.5375718,43.2081366,locality,approximate,"concord, nh, usa",43.309816,43.151787,-71.456501,-71.6687099
-77.0368707,38.9071923,locality,approximate,"washington, dc, usa",38.995548,38.7916449,-76.909393,-77.119759
-149.4936733,64.2008413,administrative_area_level_1,approximate,"alaska, usa",71.441059,51.175092,-129.9795109,172.3478461
-119.4179324,36.778261,administrative_area_level_1,approximate,"california, usa",42.0095169,32.528832,-114.131211,-124.482003
-79.9414266,37.2709704,locality,approximate,"roanoke, va, usa",37.3374169,37.211227,-79.8774871,-80.0375979
-119.4179324,36.778261,administrative_area_level_1,approximate,"california, usa",42.0095169,32.528832,-114.131211,-124.482003
-79.0192997,35.7595731,administrative_area_level_1,approximate,"north carolina, usa",36.5881568,33.7528778,-75.400119,-84.321869
-77.0368707,38.9071923,locality,approximate,"washington, dc, usa",38.995548,38.7916449,-76.909393,-77.119759
-82.907123,40.4172871,administrative_area_level_1,approximate,"ohio, usa",42.327132,38.4034229,-80.5182,-84.8203049
-81.5157535,27.6648274,administrative_area_level_1,approximate,"florida, usa",32.3607674,22.8285924,-77.8049338,-89.8042682
-78.8783689,42.8864468,locality,approximate,"buffalo, ny, usa",42.9664549,42.826023,-78.795157,-78.9337276
-84.3879824,33.7489954,locality,approximate,"atlanta, ga, usa",33.8876179,33.6478079,-84.289389,-84.5518189
-111.9036082,40.7652372,establishment,rooftop,"440 w 200 s #500, salt lake city, ut 84101, usa",40.76658618,40.76388822,-111.9022592,-111.9049572
-76.6121893,39.2903848,locality,approximate,"baltimore, md, usa",39.3722059,39.1972069,-76.5294528,-76.7115191
-80.1917902,25.7616798,locality,approximate,"miami, fl, usa",25.855773,25.709042,-80.139157,-80.3197599
-73.8507279,40.6794072,neighborhood,approximate,"ozone park, queens, ny, usa",40.6906171,40.665896,-73.8330958,-73.8662372
-81.8723084,26.640628,locality,approximate,"fort myers, fl, usa",26.689448,26.5478199,-81.7508179,-81.913778
-81.4914894,31.1499528,locality,approximate,"brunswick, ga, usa",31.203643,31.103405,-81.4007769,-81.5302031
-84.5120196,39.1031182,locality,approximate,"cincinnati, oh, usa",39.2207591,39.051921,-84.3687548,-84.7120481
-76.93776,38.9896967,locality,approximate,"college park, md, usa",39.025559,38.971109,-76.9091469,-76.965351
-81.3792365,28.5383355,locality,approximate,"orlando, fl, usa",28.6143519,28.3479859,-81.22977,-81.50773
-84.3879824,33.7489954,locality,approximate,"atlanta, ga, usa",33.8876179,33.6478079,-84.289389,-84.5518189
-120.7401385,47.7510741,administrative_area_level_1,approximate,"washington, usa",49.0024305,45.543541,-116.91558,-124.8489739
-87.5000412,41.5833688,locality,approximate,"hammond, in, usa",41.718803,41.5661349,-87.432239,-87.525432
-89.0078418,34.4942683,locality,approximate,"new albany, ms 38652, usa",34.530249,34.456247,-88.9720018,-89.0610839
-84.2807329,30.4382559,locality,approximate,"tallahassee, fl, usa",30.587337,30.346942,-84.129826,-84.3838858
-74.0059728,40.7127753,locality,approximate,"new york, ny, usa",40.9175771,40.4773991,-73.7002721,-74.2590899
-92.6637865,37.6805967,locality,approximate,"lebanon, mo 65536, usa",37.717737,37.625921,-92.6263509,-92.6987929
-83.2732627,42.3369816,locality,approximate,"dearborn heights, mi, usa",42.357055,42.26823,-83.2177239,-83.3128248
-81.5157535,27.6648274,administrative_area_level_1,approximate,"florida, usa",32.3607674,22.8285924,-77.8049338,-89.8042682
-69.4454689,45.253783,administrative_area_level_1,approximate,"maine, usa",47.459686,42.9171259,-66.8850751,-71.0843341
-88.3334274,42.8666803,locality,approximate,"mukwonago, wi, usa",42.886018,42.818258,-88.2941549,-88.3652111
-90.1994042,38.6270025,locality,approximate,"st. louis, mo, usa",38.774349,38.5318519,-90.166409,-90.320515
-73.087749,41.6032207,administrative_area_level_1,approximate,"connecticut, usa",42.050587,40.950943,-71.787239,-73.727775
-80.1917902,25.7616798,locality,approximate,"miami, fl, usa",25.855773,25.709042,-80.139157,-80.3197599
-86.902298,32.3182314,administrative_area_level_1,approximate,"alabama, usa",35.008028,30.144425,-84.888246,-88.4732269
-87.6297982,41.8781136,locality,approximate,"chicago, il, usa",42.023131,41.6443349,-87.523661,-87.9402669
-88.0663868,44.5036832,bank,rooftop,"1065 lombardi ave, green bay, wi 54304, usa",44.50503218,44.50233422,-88.06503782,-88.06773578
-85.1646726,34.257038,locality,approximate,"rome, ga, usa",34.3565,34.193159,-85.1122461,-85.278941
-74.0059728,40.7127753,locality,approximate,"new york, ny, usa",40.9175771,40.4773991,-73.7002721,-74.2590899
-71.4774291,41.5800945,administrative_area_level_1,approximate,"rhode island, usa",42.0188,41.095834,-71.0885709,-71.9072581
-83.6324022,32.8406946,locality,approximate,"macon, ga, usa",32.8997851,32.765651,-83.5485979,-83.7397409
-83.1499322,42.6583661,locality,approximate,"rochester hills, mi, usa",42.712491,42.6209951,-83.091449,-83.21378
-111.6946475,40.2968979,locality,approximate,"orem, ut, usa",40.333824,40.2567399,-111.6345881,-111.7563371
-90.1994042,38.6270025,locality,approximate,"st. louis, mo, usa",38.774349,38.5318519,-90.166409,-90.320515
-74.0059728,40.7127753,locality,approximate,"new york, ny, usa",40.9175771,40.4773991,-73.7002721,-74.2590899
-74.0059728,40.7127753,locality,approximate,"new york, ny, usa",40.9175771,40.4773991,-73.7002721,-74.2590899
-73.9441579,40.6781784,political,approximate,"brooklyn, ny, usa",40.739446,40.551042,-73.8333651,-74.05663
-77.5636015,39.1156615,locality,approximate,"leesburg, va, usa",39.136094,39.066852,-77.5136496,-77.6026578
-88.2120315,41.632223,locality,approximate,"plainfield, il, usa",41.6772319,41.569332,-88.163141,-88.2893039
-111.8431068,43.5427278,political,approximate,"idaho falls, id, id, usa",44.058454,43.019385,-111.043997,-112.697408
-80.8431267,35.2270869,locality,approximate,"charlotte, nc, usa",35.393133,35.0131739,-80.670104,-81.0095539
-74.0059728,40.7127753,locality,approximate,"new york, ny, usa",40.9175771,40.4773991,-73.7002721,-74.2590899
-73.064036,41.2306979,locality,approximate,"milford, ct, usa",41.276596,41.168605,-72.979047,-73.1224529
-71.0022705,42.2528772,locality,approximate,"quincy, ma, usa",42.3135981,42.204256,-70.9376909,-71.0932991
-99.9018131,31.9685988,administrative_area_level_1,approximate,"texas, usa",36.5007041,25.8371638,-93.5080389,-106.6456461
-98.3959291,34.6035669,locality,approximate,"lawton, ok, usa",34.6943509,34.51117,-98.314426,-98.5364139
-75.1652215,39.9525839,locality,approximate,"philadelphia, pa, usa",40.1379919,39.8670041,-74.9557629,-75.280303
-99.9018131,31.9685988,administrative_area_level_1,approximate,"texas, usa",36.5007041,25.8371638,-93.5080389,-106.6456461
-86.5186054,36.200055,locality,approximate,"mt juliet, tn, usa",36.277675,36.1518754,-86.433993,-86.583997
-75.3237262,40.0252182,postal_code,approximate,"bryn mawr, pa 19010, usa",40.0581079,39.9918649,-75.287699,-75.3799651
-83.9007382,33.8389977,locality,approximate,"loganville, ga 30052, usa",33.8577919,33.8108671,-83.860838,-83.937286
-80.8431267,35.2270869,locality,approximate,"charlotte, nc, usa",35.393133,35.0131739,-80.670104,-81.0095539
-74.4056612,40.0583238,administrative_area_level_1,approximate,"new jersey, usa",41.357423,38.788657,-73.88506,-75.5635861
-86.8103567,33.5185892,locality,approximate,"birmingham, al, usa",33.6787149,33.3837599,-86.5781498,-87.1221241
-120.5542012,43.8041334,administrative_area_level_1,approximate,"oregon, usa",46.299099,41.9917941,-116.463262,-124.7035411
-87.6297982,41.8781136,locality,approximate,"chicago, il, usa",42.023131,41.6443349,-87.523661,-87.9402669
-76.1398137,43.0422845,establishment,rooftop,"750 e adams st, syracuse, ny 13210, usa",43.04363348,43.04093552,-76.13846472,-76.14116268
-88.7878678,43.7844397,administrative_area_level_1,approximate,"wisconsin, usa",47.3098219,42.4917199,-86.2495479,-92.8894331
-82.907123,40.4172871,administrative_area_level_1,approximate,"ohio, usa",42.327132,38.4034229,-80.5182,-84.8203049
-76.6412712,39.0457549,administrative_area_level_1,approximate,"maryland, usa",39.723037,37.8866049,-74.9862819,-79.4876511
-87.6297982,41.8781136,locality,approximate,"chicago, il, usa",42.023131,41.6443349,-87.523661,-87.9402669
-94.7082951,37.8397626,locality,approximate,"fort scott, ks 66701, usa",37.857796,37.7858279,-94.676024,-94.7303379
-71.0588801,42.3600825,locality,approximate,"boston, ma, usa",42.4008199,42.22788,-70.749455,-71.191113
-118.4396756,34.1825782,colloquial_area,approximate,"san fernando valley, ca, usa",34.304687,34.0388482,-118.2805681,-118.6081195
-81.6943605,41.49932,locality,approximate,"cleveland, oh, usa",41.604436,41.390628,-81.5327439,-81.878976
-119.4179324,36.778261,administrative_area_level_1,approximate,"california, usa",42.0095169,32.528832,-114.131211,-124.482003
-83.357567,33.9519347,locality,approximate,"athens, ga, usa",34.040572,33.8479769,-83.24086,-83.537385
-82.6015206,34.829838,locality,approximate,"easley, sc, usa",34.853355,34.788889,-82.527839,-82.6392111
-79.0192997,35.7595731,administrative_area_level_1,approximate,"north carolina, usa",36.5881568,33.7528778,-75.400119,-84.321869
-73.9823843,40.779156,establishment,rooftop,"201 w 72nd st, new york, ny 10023, usa",40.78050498,40.77780702,-73.98103532,-73.98373328
-77.7277714,39.790371,locality,approximate,"greencastle, pa 17225, usa",39.8053809,39.7782259,-77.713796,-77.739621
-87.6297982,41.8781136,locality,approximate,"chicago, il, usa",42.023131,41.6443349,-87.523661,-87.9402669
-87.9064736,43.0389025,locality,approximate,"milwaukee, wi, usa",43.1949671,42.9208158,-87.8639841,-88.070876
-77.1945247,41.2033216,administrative_area_level_1,approximate,"pennsylvania, usa",42.516072,39.7197989,-74.6895018,-80.519895
-81.6943605,41.49932,locality,approximate,"cleveland, oh, usa",41.604436,41.390628,-81.5327439,-81.878976
-88.7878678,43.7844397,administrative_area_level_1,approximate,"wisconsin, usa",47.3098219,42.4917199,-86.2495479,-92.8894331
-74.4056612,40.0583238,administrative_area_level_1,approximate,"new jersey, usa",41.357423,38.788657,-73.88506,-75.5635861
-71.0793873,42.3821833,bar,rooftop,"108 cambridge st, charlestown, ma 02129, usa",42.38353228,42.38083432,-71.07803832,-71.08073628
-82.610067,27.799653,establishment,rooftop,"1305 snell isle blvd ne, st. petersburg, fl 33704, usa",27.80100198,27.79830402,-82.60871802,-82.61141598
-96.711069,32.8458233,establishment,rooftop,"718 n buckner blvd, dallas, tx 75218, usa",32.84717228,32.84447432,-96.70972002,-96.71241798
-82.4571776,27.950575,locality,approximate,"tampa, fl, usa",28.1714781,27.817487,-82.2597409,-82.64882
-95.992775,36.1539816,locality,approximate,"tulsa, ok, usa",36.336506,35.968097,-95.6815429,-96.074478
-90.6998477,38.8106075,locality,approximate,"o'fallon, mo, usa",38.8731991,38.71263,-90.6488929,-90.8207548
-81.3792365,28.5383355,locality,approximate,"orlando, fl, usa",28.6143519,28.3479859,-81.22977,-81.50773
-86.5804473,35.5174913,administrative_area_level_1,approximate,"tennessee, usa",36.678118,34.9829239,-81.6469,-90.3102978
-77.0368707,38.9071923,locality,approximate,"washington, dc, usa",38.995548,38.7916449,-76.909393,-77.119759
-79.9958864,40.4406248,locality,approximate,"pittsburgh, pa, usa",40.501368,40.3613689,-79.8657231,-80.0952779
-81.6943605,41.49932,locality,approximate,"cleveland, oh, usa",41.604436,41.390628,-81.5327439,-81.878976
-82.4445991,40.0228421,locality,approximate,"heath, oh, usa",40.052397,39.990299,-82.3709,-82.5024829
-85.4883127,41.1572686,locality,approximate,"columbia city, in 46725, usa",41.1780599,41.1432638,-85.443664,-85.524809
-73.087749,41.6032207,administrative_area_level_1,approximate,"connecticut, usa",42.050587,40.950943,-71.787239,-73.727775
-83.4702132,42.3714253,locality,approximate,"plymouth, mi 48170, usa",42.384451,42.358502,-83.4455209,-83.486869
-77.0368707,38.9071923,locality,approximate,"washington, dc, usa",38.995548,38.7916449,-76.909393,-77.119759
-74.8335015,38.9748351,locality,approximate,"wildwood crest, nj 08260, usa",38.985333,38.9562385,-74.8192871,-74.8551909
-82.5748194,27.4989278,locality,approximate,"bradenton, fl, usa",27.522849,27.455408,-82.4861309,-82.688454
-92.4421011,35.0886963,locality,approximate,"conway, ar, usa",35.146803,35.005866,-92.380752,-92.5418589
-74.0059728,40.7127753,locality,approximate,"new york, ny, usa",40.9175771,40.4773991,-73.7002721,-74.2590899
-71.4774291,41.5800945,administrative_area_level_1,approximate,"rhode island, usa",42.0188,41.095834,-71.0885709,-71.9072581
-89.3985283,32.3546679,administrative_area_level_1,approximate,"mississippi, usa",34.9961091,30.146096,-88.097888,-91.6550089
-74.4056612,40.0583238,administrative_area_level_1,approximate,"new jersey, usa",41.357423,38.788657,-73.88506,-75.5635861
-87.5000412,41.5833688,locality,approximate,"hammond, in, usa",41.718803,41.5661349,-87.432239,-87.525432
-81.5190053,41.0814447,locality,approximate,"akron, oh, usa",41.171061,40.9976731,-81.4049419,-81.6210139
-87.0645801,45.7452466,locality,approximate,"escanaba, mi 49829, usa",45.791762,45.7048449,-87.035763,-87.1627709
-82.4571776,27.950575,locality,approximate,"tampa, fl, usa",28.1714781,27.817487,-82.2597409,-82.64882
-95.712891,37.09024,establishment,geometric_center,"independence, ks 67301, usa",37.09158898,37.08889102,-95.71154202,-95.71423998
-77.3381855,37.2489537,locality,approximate,"fort lee, va, usa",37.2898531,37.2135029,-77.3075239,-77.3569188
-79.0192997,35.7595731,administrative_area_level_1,approximate,"north carolina, usa",36.5881568,33.7528778,-75.400119,-84.321869
-81.5157535,27.6648274,administrative_area_level_1,approximate,"florida, usa",32.3607674,22.8285924,-77.8049338,-89.8042682
-86.7816016,36.1626638,locality,approximate,"nashville, tn, usa",36.4054959,35.9677851,-86.5155879,-87.054903
-74.4056612,40.0583238,administrative_area_level_1,approximate,"new jersey, usa",41.357423,38.788657,-73.88506,-75.5635861
-102.8290963,32.9645475,locality,approximate,"denver city, tx 79323, usa",32.9824208,32.9563841,-102.8174959,-102.854745
-104.9830769,39.7250476,establishment,rooftop,"550 grant st, denver, co 80203, usa",39.72639658,39.72369862,-104.9817279,-104.9844259
-82.4571776,27.950575,locality,approximate,"tampa, fl, usa",28.1714781,27.817487,-82.2597409,-82.64882
-82.4571776,27.950575,locality,approximate,"tampa, fl, usa",28.1714781,27.817487,-82.2597409,-82.64882
-119.4179324,36.778261,administrative_area_level_1,approximate,"california, usa",42.0095169,32.528832,-114.131211,-124.482003
-84.8682972,40.9747705,locality,approximate,"monroeville, in 46773, usa",40.9802289,40.965258,-84.8555679,-84.882083
-90.0667833,29.9572641,bar,rooftop,"516 bourbon st, new orleans, la 70130, usa",29.95861308,29.95591512,-90.06543432,-90.06813228
-75.1652215,39.9525839,locality,approximate,"philadelphia, pa, usa",40.1379919,39.8670041,-74.9557629,-75.280303
-74.0059728,40.7127753,locality,approximate,"new york, ny, usa",40.9175771,40.4773991,-73.7002721,-74.2590899
-71.5723953,43.1938516,administrative_area_level_1,approximate,"new hampshire, usa",45.3054761,42.696985,-70.575094,-72.557185
-84.5037164,38.0405837,locality,approximate,"lexington, ky, usa",38.211404,37.8452559,-84.282715,-84.6604151
-73.1821623,42.311782,administrative_area_level_2,approximate,"berkshire county, ma, usa",42.74594,42.039861,-72.948753,-73.5081419
-97.9413941,29.8832749,locality,approximate,"san marcos, tx, usa",29.9605819,29.777154,-97.8419149,-98.012087
-119.4179324,36.778261,administrative_area_level_1,approximate,"california, usa",42.0095169,32.528832,-114.131211,-124.482003
-111.0937311,39.3209801,administrative_area_level_1,approximate,"utah, usa",42.001618,36.9979031,-109.0410581,-114.0529979
-82.907123,40.4172871,administrative_area_level_1,approximate,"ohio, usa",42.327132,38.4034229,-80.5182,-84.8203049
-73.9441579,40.6781784,political,approximate,"brooklyn, ny, usa",40.739446,40.551042,-73.8333651,-74.05663
-80.3822765,25.5626072,locality,approximate,"goulds, fl, usa",25.574744,25.551257,-80.362921,-80.4090099
-75.1652215,39.9525839,locality,approximate,"philadelphia, pa, usa",40.1379919,39.8670041,-74.9557629,-75.280303
-87.6297982,41.8781136,locality,approximate,"chicago, il, usa",42.023131,41.6443349,-87.523661,-87.9402669
-110.9747108,32.2226066,locality,approximate,"tucson, az, usa",32.3201661,31.9916539,-110.708204,-111.059406
-80.1373174,26.1224386,locality,approximate,"fort lauderdale, fl, usa",26.21186,26.070365,-80.087165,-80.2039691
-119.4179324,36.778261,administrative_area_level_1,approximate,"california, usa",42.0095169,32.528832,-114.131211,-124.482003
-81.5190053,41.0814447,locality,approximate,"akron, oh, usa",41.171061,40.9976731,-81.4049419,-81.6210139
-95.3698028,29.7604267,locality,approximate,"houston, tx, usa",30.1107319,29.523624,-95.014496,-95.7880869
-82.9000751,32.1656221,administrative_area_level_1,approximate,"georgia, usa",35.0006589,30.3555908,-80.751429,-85.6051649
-84.6041084,37.0920222,locality,approximate,"somerset, ky, usa",37.1200641,37.031352,-84.5648389,-84.6475611
-96.6388833,32.912624,locality,approximate,"garland, tx, usa",32.9854148,32.8302751,-96.5055189,-96.7059039
-74.0059728,40.7127753,locality,approximate,"new york, ny, usa",40.9175771,40.4773991,-73.7002721,-74.2590899
-75.1652215,39.9525839,locality,approximate,"philadelphia, pa, usa",40.1379919,39.8670041,-74.9557629,-75.280303
-87.2169149,30.421309,locality,approximate,"pensacola, fl, usa",30.5105949,30.3631529,-87.1261481,-87.25934
-89.3985283,40.6331249,administrative_area_level_1,approximate,"illinois, usa",42.5083379,36.970298,-87.019935,-91.5130789
-111.9850003,33.3775756,establishment,rooftop,"4545 e baseline rd, phoenix, az 85042, usa",33.37892458,33.37622662,-111.9836513,-111.9863493
-82.4929054,34.7917845,locality,approximate,"powdersville, sc, usa",34.8194749,34.734818,-82.4582168,-82.544308
-80.1917902,25.7616798,locality,approximate,"miami, fl, usa",25.855773,25.709042,-80.139157,-80.3197599
-99.9018131,31.9685988,administrative_area_level_1,approximate,"texas, usa",36.5007041,25.8371638,-93.5080389,-106.6456461
-80.8431267,35.2270869,locality,approximate,"charlotte, nc, usa",35.393133,35.0131739,-80.670104,-81.0095539
-97.5074724,35.6216402,establishment,rooftop,"14901 bristol park blvd, edmond, ok 73013, usa",35.62298918,35.62029122,-97.50612342,-97.50882138
-97.4715226,35.6577749,establishment,rooftop,"100 n university dr, edmond, ok 73034, usa",35.65912388,35.65642592,-97.47017362,-97.47287158
-80.1917902,25.7616798,locality,approximate,"miami, fl, usa",25.855773,25.709042,-80.139157,-80.3197599
-84.6715407,36.2431964,locality,approximate,"sunbright, tn 37872, usa",36.268837,36.219882,-84.6371655,-84.711022
-84.8413056,33.9244531,locality,approximate,"dallas, ga, usa",33.9408401,33.8900608,-84.7927369,-84.8974
-97.092877,35.0077519,administrative_area_level_1,approximate,"oklahoma, usa",37.0023119,33.615787,-94.430662,-103.002455
-120.662481,35.2721989,route,geometric_center,"high st, san luis obispo, ca 93401, usa",35.27358233,35.27088437,-120.6552211,-120.6703174
-118.2436849,34.0522342,locality,approximate,"los angeles, ca, usa",34.3373061,33.7036519,-118.1552891,-118.6681759
-86.5804473,35.5174913,administrative_area_level_1,approximate,"tennessee, usa",36.678118,34.9829239,-81.6469,-90.3102978
-99.9018131,31.9685988,administrative_area_level_1,approximate,"texas, usa",36.5007041,25.8371638,-93.5080389,-106.6456461
-94.846681,39.7674578,locality,approximate,"st joseph, mo, usa",39.8212599,39.6972151,-94.7433389,-94.8990291
-73.8648268,40.8447819,political,approximate,"bronx, ny, usa",40.9175771,40.7857429,-73.74806,-73.933808
-122.0575434,37.387474,colloquial_area,approximate,"silicon valley, ca, usa",37.5854665,37.2201406,-121.7412328,-122.3409633
-81.5157535,27.6648274,administrative_area_level_1,approximate,"florida, usa",32.3607674,22.8285924,-77.8049338,-89.8042682
-90.1994042,38.6270025,locality,approximate,"st. louis, mo, usa",38.774349,38.5318519,-90.166409,-90.320515
-119.4179324,36.778261,administrative_area_level_1,approximate,"california, usa",42.0095169,32.528832,-114.131211,-124.482003
-120.7401385,47.7510741,administrative_area_level_1,approximate,"washington, usa",49.0024305,45.543541,-116.91558,-124.8489739
-119.4179324,36.778261,administrative_area_level_1,approximate,"california, usa",42.0095169,32.528832,-114.131211,-124.482003
-99.9018131,31.9685988,administrative_area_level_1,approximate,"texas, usa",36.5007041,25.8371638,-93.5080389,-106.6456461
-75.1652215,39.9525839,locality,approximate,"philadelphia, pa, usa",40.1379919,39.8670041,-74.9557629,-75.280303
-77.0368707,38.9071923,locality,approximate,"washington, dc, usa",38.995548,38.7916449,-76.909393,-77.119759
-81.5157535,27.6648274,administrative_area_level_1,approximate,"florida, usa",32.3607674,22.8285924,-77.8049338,-89.8042682
-85.1393513,41.079273,locality,approximate,"fort wayne, in, usa",41.199779,40.965447,-84.998627,-85.303173
-80.1917902,25.7616798,locality,approximate,"miami, fl, usa",25.855773,25.709042,-80.139157,-80.3197599
-86.8103567,33.5185892,locality,approximate,"birmingham, al, usa",33.6787149,33.3837599,-86.5781498,-87.1221241
-74.0059728,40.7127753,locality,approximate,"new york, ny, usa",40.9175771,40.4773991,-73.7002721,-74.2590899
-87.861726,41.8347535,locality,approximate,"la grange park, il, usa",41.8444311,41.8190309,-87.8516601,-87.890794
-88.7878678,43.7844397,administrative_area_level_1,approximate,"wisconsin, usa",47.3098219,42.4917199,-86.2495479,-92.8894331
-97.7430608,30.267153,locality,approximate,"austin, tx, usa",30.5168629,30.0986589,-97.5684199,-97.9383829
-77.4360481,37.5407246,locality,approximate,"richmond, va, usa",37.6027689,37.446553,-77.3855119,-77.601011
-85.6023643,44.3148443,administrative_area_level_1,approximate,"michigan, usa",48.3060628,41.696118,-82.1229709,-90.4181358
-82.9987942,39.9611755,locality,approximate,"columbus, oh, usa",40.1572719,39.808631,-82.7713781,-83.2102799
-82.9000751,32.1656221,administrative_area_level_1,approximate,"georgia, usa",35.0006589,30.3555908,-80.751429,-85.6051649
-119.4179324,36.778261,administrative_area_level_1,approximate,"california, usa",42.0095169,32.528832,-114.131211,-124.482003
-112.1500075,33.4794683,establishment,rooftop,"4231 w thomas rd, phoenix, az 85019, usa",33.48081728,33.47811932,-112.1486585,-112.1513565
-77.1945247,41.2033216,administrative_area_level_1,approximate,"pennsylvania, usa",42.516072,39.7197989,-74.6895018,-80.519895
-81.6943605,41.49932,locality,approximate,"cleveland, oh, usa",41.604436,41.390628,-81.5327439,-81.878976
-85.4807825,32.6098566,locality,approximate,"auburn, al, usa",32.730713,32.5250929,-85.404466,-85.572597
-95.6163665,37.0373005,establishment,geometric_center,"coffeyville, ks 67337, usa",37.03864948,37.03595152,-95.61501752,-95.61771548
-120.5542012,43.8041334,administrative_area_level_1,approximate,"oregon, usa",46.299099,41.9917941,-116.463262,-124.7035411
-85.5872286,42.2917069,locality,approximate,"kalamazoo, mi, usa",42.332752,42.2155639,-85.5307821,-85.6635149
-111.077401,45.673854,establishment,rooftop,"2825 w main st, bozeman, mt 59715, usa",45.67520298,45.67250502,-111.076052,-111.07875
-123.4100271,42.0997495,establishment,rooftop,"19000 caves hwy, cave junction, or 97523, usa",42.10109848,42.09840052,-123.4086781,-123.4113761
-74.0059728,40.7127753,locality,approximate,"new york, ny, usa",40.9175771,40.4773991,-73.7002721,-74.2590899
-99.9018131,31.9685988,administrative_area_level_1,approximate,"texas, usa",36.5007041,25.8371638,-93.5080389,-106.6456461
-78.8666403,42.8914132,doctor,rooftop,"222 genesee st, buffalo, ny 14203, usa",42.89276218,42.89006422,-78.86529132,-78.86798928
-77.0368707,38.9071923,locality,approximate,"washington, dc, usa",38.995548,38.7916449,-76.909393,-77.119759
-82.907123,40.4172871,administrative_area_level_1,approximate,"ohio, usa",42.327132,38.4034229,-80.5182,-84.8203049
-74.0059728,40.7127753,locality,approximate,"new york, ny, usa",40.9175771,40.4773991,-73.7002721,-74.2590899
-81.0228331,29.2108147,locality,approximate,"daytona beach, fl, usa",29.2930571,29.127476,-80.9829099,-81.21031
-86.158068,39.768403,locality,approximate,"indianapolis, in, usa",39.927392,39.632177,-85.9373789,-86.3281211
-74.0431435,40.7177545,locality,approximate,"jersey city, nj, usa",40.768867,40.661622,-74.020405,-74.1170569
-90.1994042,38.6270025,locality,approximate,"st. louis, mo, usa",38.774349,38.5318519,-90.166409,-90.320515
-87.6297982,41.8781136,locality,approximate,"chicago, il, usa",42.023131,41.6443349,-87.523661,-87.9402669
-94.6858998,46.729553,administrative_area_level_1,approximate,"minnesota, usa",49.384358,43.499361,-89.4833851,-97.2391959
-73.425676,40.8681539,locality,approximate,"huntington, ny, usa",40.9080979,40.856253,-73.3681309,-73.4513179
-81.5157535,27.6648274,administrative_area_level_1,approximate,"florida, usa",32.3607674,22.8285924,-77.8049338,-89.8042682
-82.907123,40.4172871,administrative_area_level_1,approximate,"ohio, usa",42.327132,38.4034229,-80.5182,-84.8203049
-77.1945247,41.2033216,administrative_area_level_1,approximate,"pennsylvania, usa",42.516072,39.7197989,-74.6895018,-80.519895
-87.6297982,41.8781136,locality,approximate,"chicago, il, usa",42.023131,41.6443349,-87.523661,-87.9402669
-99.9018131,31.9685988,administrative_area_level_1,approximate,"texas, usa",36.5007041,25.8371638,-93.5080389,-106.6456461
-84.3879824,33.7489954,locality,approximate,"atlanta, ga, usa",33.8876179,33.6478079,-84.289389,-84.5518189
-99.9018131,31.9685988,administrative_area_level_1,approximate,"texas, usa",36.5007041,25.8371638,-93.5080389,-106.6456461
-85.4724593,38.3242355,locality,approximate,"crestwood, ky 40014, usa",38.353561,38.3101609,-85.4583671,-85.5239011
-75.1652215,39.9525839,locality,approximate,"philadelphia, pa, usa",40.1379919,39.8670041,-74.9557629,-75.280303
-88.8838834,44.4505001,administrative_area_level_3,approximate,"little wolf, wi, usa",44.5036859,44.4166559,-88.8595279,-88.981078
-108.3806054,43.024673,locality,approximate,"riverton, wy 82501, usa",43.0773691,43.0090201,-108.34619,-108.4888699
-82.9026878,42.3958465,bar,rooftop,"115 kercheval ave, grosse pointe, mi 48236, usa",42.39719548,42.39449752,-82.90133882,-82.90403678
-80.1172881,26.0192874,bar,rooftop,"1112 n ocean dr, hollywood, fl 33019, usa",26.02063638,26.01793842,-80.11593912,-80.11863708
-155.5827818,19.8967662,administrative_area_level_1,approximate,"hawaii, usa",22.37,18.55,-154.48,-160.53
-99.9018131,31.9685988,administrative_area_level_1,approximate,"texas, usa",36.5007041,25.8371638,-93.5080389,-106.6456461
-93.6249593,41.5868353,locality,approximate,"des moines, ia, usa",41.6540759,41.479264,-93.503215,-93.709817
-80.8931122,29.0274313,art_gallery,rooftop,"757 e 3rd ave, new smyrna beach, fl 32169, usa",29.02878028,29.02608232,-80.89176322,-80.89446118
-119.4179324,36.778261,administrative_area_level_1,approximate,"california, usa",42.0095169,32.528832,-114.131211,-124.482003
-118.2436849,34.0522342,locality,approximate,"los angeles, ca, usa",34.3373061,33.7036519,-118.1552891,-118.6681759
-96.8448925,32.7497916,bar,rooftop,"1417 w davis st, dallas, tx 75208, usa",32.75114058,32.74844262,-96.84354352,-96.84624148
-117.3794834,33.1958696,locality,approximate,"oceanside, ca, usa",33.299233,33.1527181,-117.2365761,-117.3985069
-95.9412331,36.1403349,establishment,rooftop,"3230 e 15th st, tulsa, ok 74104, usa",36.14168388,36.13898592,-95.93988412,-95.94258208
-71.0588801,42.3600825,locality,approximate,"boston, ma, usa",42.4008199,42.22788,-70.749455,-71.191113
-73.9712488,40.7830603,political,approximate,"manhattan, new york, ny, usa",40.820045,40.698078,-73.903313,-74.035149
-119.5559652,36.708006,locality,approximate,"sanger, ca 93657, usa",36.72125,36.677265,-119.5274931,-119.5832569
-74.6400432,40.5292099,administrative_area_level_2,approximate,"somerset county, nj, usa",40.758005,40.3743969,-74.4018389,-74.797841
-80.0366058,35.9301524,car_dealer,rooftop,"2510 w english rd, high point, nc 27262, usa",35.93150138,35.92880342,-80.03525682,-80.03795478
-97.5164276,35.4675602,locality,approximate,"oklahoma city, ok, usa",35.674752,35.2905439,-97.12472,-97.8336749
-99.9018131,31.9685988,administrative_area_level_1,approximate,"texas, usa",36.5007041,25.8371638,-93.5080389,-106.6456461
-106.650422,35.0843859,locality,approximate,"albuquerque, nm, usa",35.2180539,34.9467659,-106.4711629,-106.881796
-87.6297982,41.8781136,locality,approximate,"chicago, il, usa",42.023131,41.6443349,-87.523661,-87.9402669
-79.9958864,40.4406248,locality,approximate,"pittsburgh, pa, usa",40.501368,40.3613689,-79.8657231,-80.0952779
-122.8013332,45.4887993,locality,approximate,"beaverton, or, usa",45.5429639,45.4246567,-122.7436541,-122.8777044
-94.6858998,46.729553,administrative_area_level_1,approximate,"minnesota, usa",49.384358,43.499361,-89.4833851,-97.2391959
-88.7878678,43.7844397,administrative_area_level_1,approximate,"wisconsin, usa",47.3098219,42.4917199,-86.2495479,-92.8894331
-78.1633341,39.1856597,locality,approximate,"winchester, va 22601, usa",39.204733,39.13097,-78.1369529,-78.200731
-79.9958864,40.4406248,locality,approximate,"pittsburgh, pa, usa",40.501368,40.3613689,-79.8657231,-80.0952779
-72.7420151,41.7620842,locality,approximate,"west hartford, ct, usa",41.806599,41.7186,-72.7135379,-72.8000409
-105.1333327,39.9275808,establishment,rooftop,"525 zang st, broomfield, co 80021, usa",39.92892978,39.92623182,-105.1319837,-105.1346817
-87.6297982,41.8781136,locality,approximate,"chicago, il, usa",42.023131,41.6443349,-87.523661,-87.9402669
-77.1945247,41.2033216,administrative_area_level_1,approximate,"pennsylvania, usa",42.516072,39.7197989,-74.6895018,-80.519895
-93.026269,45.245238,establishment,geometric_center,"feller st ne, columbus, mn 55025, usa",45.24658698,45.24388902,-93.02492002,-93.02761798
-95.8545326,36.0908081,clothing_store,rooftop,"11015 e 51st st, tulsa, ok 74146, usa",36.09215708,36.08945912,-95.85318362,-95.85588158
-84.3879824,33.7489954,locality,approximate,"atlanta, ga, usa",33.8876179,33.6478079,-84.289389,-84.5518189
-86.7816016,36.1626638,locality,approximate,"nashville, tn, usa",36.4054959,35.9677851,-86.5155879,-87.054903
-84.2963123,33.7748275,locality,approximate,"decatur, ga 30030, usa",33.7934991,33.751003,-84.278129,-84.3157389
-89.74269,35.4833969,locality,approximate,"brighton, tn, usa",35.4973541,35.4662663,-89.6980453,-89.7640353
-111.0937311,39.3209801,administrative_area_level_1,approximate,"utah, usa",42.001618,36.9979031,-109.0410581,-114.0529979
-74.0059728,40.7127753,locality,approximate,"new york, ny, usa",40.9175771,40.4773991,-73.7002721,-74.2590899
-86.7816016,36.1626638,locality,approximate,"nashville, tn, usa",36.4054959,35.9677851,-86.5155879,-87.054903
-98.4842465,39.011902,administrative_area_level_1,approximate,"kansas, usa",40.0045419,36.9930159,-94.588387,-102.0517688
-77.0368707,38.9071923,locality,approximate,"washington, dc, usa",38.995548,38.7916449,-76.909393,-77.119759
-87.771964,41.909611,beauty_salon,rooftop,"5842 w north ave, chicago, il 60639, usa",41.91095998,41.90826202,-87.77061502,-87.77331298
-117.078355,33.01412,establishment,rooftop,"16476 bernardo center dr ste 221, san diego, ca 92128, usa",33.01546898,33.01277102,-117.077006,-117.079704
-75.1652215,39.9525839,locality,approximate,"philadelphia, pa, usa",40.1379919,39.8670041,-74.9557629,-75.280303
-93.097702,41.8780025,administrative_area_level_1,approximate,"iowa, usa",43.5011961,40.375437,-90.1400609,-96.639535
-99.9018131,31.9685988,administrative_area_level_1,approximate,"texas, usa",36.5007041,25.8371638,-93.5080389,-106.6456461
-76.4921829,38.9784453,locality,approximate,"annapolis, md, usa",39.002911,38.9420269,-76.469805,-76.5395839
-99.9018131,31.9685988,administrative_area_level_1,approximate,"texas, usa",36.5007041,25.8371638,-93.5080389,-106.6456461
-78.6381787,35.7795897,locality,approximate,"raleigh, nc, usa",35.971728,35.7158079,-78.471063,-78.8190489
-89.3985283,40.6331249,administrative_area_level_1,approximate,"illinois, usa",42.5083379,36.970298,-87.019935,-91.5130789
-82.3940104,34.8526176,locality,approximate,"greenville, sc, usa",34.8908379,34.7754991,-82.2909819,-82.434679
-71.0588801,42.3600825,locality,approximate,"boston, ma, usa",42.4008199,42.22788,-70.749455,-71.191113
-88.9721269,40.5214337,establishment,rooftop,"706 oglesby ave ste 111, normal, il 61761, usa",40.52278268,40.52008472,-88.97077792,-88.97347588
-90.0022958,34.9918587,locality,approximate,"southaven, ms, usa",34.9950889,34.902816,-89.9186129,-90.079466
-120.7401385,47.7510741,administrative_area_level_1,approximate,"washington, usa",49.0024305,45.543541,-116.91558,-124.8489739
-98.4842465,39.011902,administrative_area_level_1,approximate,"kansas, usa",40.0045419,36.9930159,-94.588387,-102.0517688
-84.5120196,39.1031182,locality,approximate,"cincinnati, oh, usa",39.2207591,39.051921,-84.3687548,-84.7120481
-120.7401385,47.7510741,administrative_area_level_1,approximate,"washington, usa",49.0024305,45.543541,-116.91558,-124.8489739
-106.650422,35.0843859,locality,approximate,"albuquerque, nm, usa",35.2180539,34.9467659,-106.4711629,-106.881796
-97.0583681,36.1156071,locality,approximate,"stillwater, ok, usa",36.2028449,36.0793398,-97.015489,-97.149722
-81.337578,28.54851,establishment,rooftop,"400 herndon ave, orlando, fl 32803, usa",28.54985898,28.54716102,-81.33622902,-81.33892698
-84.5120196,39.1031182,locality,approximate,"cincinnati, oh, usa",39.2207591,39.051921,-84.3687548,-84.7120481
-81.6064866,30.6319034,locality,approximate,"yulee, fl, usa",30.686444,30.5693819,-81.5139261,-81.6228478
-81.091203,32.0808989,locality,approximate,"savannah, ga, usa",32.189996,31.887691,-81.030166,-81.370391
-119.4179324,36.778261,administrative_area_level_1,approximate,"california, usa",42.0095169,32.528832,-114.131211,-124.482003
-94.5900414,39.0867011,establishment,rooftop,"2111 washington st, kansas city, mo 64108, usa",39.08805008,39.08535212,-94.58869242,-94.59139038
-73.087749,41.6032207,administrative_area_level_1,approximate,"connecticut, usa",42.050587,40.950943,-71.787239,-73.727775
-117.9143012,33.8365932,locality,approximate,"anaheim, ca, usa",33.8790571,33.7889241,-117.6735635,-118.0174209
-73.087749,41.6032207,administrative_area_level_1,approximate,"connecticut, usa",42.050587,40.950943,-71.787239,-73.727775
-86.3077368,32.3792233,locality,approximate,"montgomery, al, usa",32.4376769,32.249921,-86.0722051,-86.4198699
-81.6943605,41.49932,locality,approximate,"cleveland, oh, usa",41.604436,41.390628,-81.5327439,-81.878976
-87.6297982,41.8781136,locality,approximate,"chicago, il, usa",42.023131,41.6443349,-87.523661,-87.9402669
-75.5243682,39.158168,locality,approximate,"dover, de, usa",39.2106298,39.102202,-75.440637,-75.5862029
-75.2207323,40.688432,locality,approximate,"easton, pa, usa",40.7166069,40.641134,-75.1902099,-75.283022
-84.1435136,34.2358502,administrative_area_level_2,approximate,"forsyth county, ga, usa",34.335171,34.0505651,-83.9255289,-84.2589868
-118.2200712,33.8958492,locality,approximate,"compton, ca, usa",33.923418,33.863086,-118.1799621,-118.2636591
-87.9737943,41.7483483,locality,approximate,"darien, il, usa",41.76862,41.7002589,-87.9449099,-88.030531
-71.0588801,42.3600825,locality,approximate,"boston, ma, usa",42.4008199,42.22788,-70.749455,-71.191113
-84.2807329,30.4382559,locality,approximate,"tallahassee, fl, usa",30.587337,30.346942,-84.129826,-84.3838858
-78.8866943,33.6890603,locality,approximate,"myrtle beach, sc, usa",33.791703,33.647788,-78.793131,-78.9644841
-99.9018131,31.9685988,administrative_area_level_1,approximate,"texas, usa",36.5007041,25.8371638,-93.5080389,-106.6456461
-77.0368707,38.9071923,locality,approximate,"washington, dc, usa",38.995548,38.7916449,-76.909393,-77.119759
-71.066163,42.4250964,locality,approximate,"malden, ma, usa",42.4447989,42.412585,-71.020095,-71.08919
-97.5164276,35.4675602,locality,approximate,"oklahoma city, ok, usa",35.674752,35.2905439,-97.12472,-97.8336749
-81.5157535,27.6648274,administrative_area_level_1,approximate,"florida, usa",32.3607674,22.8285924,-77.8049338,-89.8042682
-93.277273,44.9884061,establishment,rooftop,"718 n washington ave #202, minneapolis, mn 55401, usa",44.98975508,44.98705712,-93.27592402,-93.27862198
-119.4179324,36.778261,administrative_area_level_1,approximate,"california, usa",42.0095169,32.528832,-114.131211,-124.482003
-80.1867138,25.8900949,locality,approximate,"north miami, fl, usa",25.9302708,25.880872,-80.1266679,-80.2275429
-73.9441579,40.6781784,political,approximate,"brooklyn, ny, usa",40.739446,40.551042,-73.8333651,-74.05663
-84.4277001,33.6407282,airport,rooftop,"hartsfield-jackson atlanta international airport (atl), 6000 n terminal pkwy, atlanta, ga 30320, usa",33.64207718,33.63937922,-84.42635112,-84.42904908
-82.9532036,34.6856555,locality,approximate,"seneca, sc, usa",34.7120618,34.6412949,-82.928335,-82.9949411
-74.0059728,40.7127753,locality,approximate,"new york, ny, usa",40.9175771,40.4773991,-73.7002721,-74.2590899
-83.2784851,30.8327022,locality,approximate,"valdosta, ga, usa",30.928853,30.7624711,-83.2219311,-83.3445129
-111.0937311,34.0489281,administrative_area_level_1,approximate,"arizona, usa",37.0042599,31.3325693,-109.0452231,-114.8138273
-81.1637245,33.836081,administrative_area_level_1,approximate,"south carolina, usa",35.2155401,32.033454,-78.4993009,-83.353928
-83.7524298,40.1083912,locality,approximate,"urbana, oh 43078, usa",40.1414289,40.0840101,-83.7116829,-83.7847938
-73.7012299,42.7300783,locality,approximate,"watervliet, ny, usa",42.739137,42.7055779,-73.6946618,-73.7198039
-119.4179324,36.778261,administrative_area_level_1,approximate,"california, usa",42.0095169,32.528832,-114.131211,-124.482003
-122.4201865,37.7668918,establishment,rooftop,"1888 mission st, san francisco, ca 94103, usa",37.76824078,37.76554282,-122.4188375,-122.4215355
-74.4056612,40.0583238,administrative_area_level_1,approximate,"new jersey, usa",41.357423,38.788657,-73.88506,-75.5635861
-86.5861037,34.7303688,locality,approximate,"huntsville, al, usa",34.8652061,34.537651,-86.413795,-86.905704
-88.2314813,43.0116784,locality,approximate,"waukesha, wi, usa",43.059607,42.9509759,-88.17385,-88.3048138
-73.087749,41.6032207,administrative_area_level_1,approximate,"connecticut, usa",42.050587,40.950943,-71.787239,-73.727775
-95.7062764,37.2245382,establishment,rooftop,"200 n pennsylvania ave, independence, ks 67301, usa",37.22588718,37.22318922,-95.70492742,-95.70762538
-76.6412712,39.0457549,administrative_area_level_1,approximate,"maryland, usa",39.723037,37.8866049,-74.9862819,-79.4876511
-120.7401385,47.7510741,administrative_area_level_1,approximate,"washington, usa",49.0024305,45.543541,-116.91558,-124.8489739
-122.3320708,47.6062095,locality,approximate,"seattle, wa, usa",47.734145,47.4919119,-122.2244331,-122.4596959
-107.2902839,43.0759678,administrative_area_level_1,approximate,"wyoming, usa",45.005904,40.994746,-104.0522449,-111.056889
-74.0059728,40.7127753,locality,approximate,"new york, ny, usa",40.9175771,40.4773991,-73.7002721,-74.2590899
-116.419389,38.8026097,administrative_area_level_1,approximate,"nevada, usa",42.002207,35.001857,-114.0396479,-120.0064729
-79.2241997,34.9809995,locality,approximate,"raeford, nc 28376, usa",34.9957499,34.965005,-79.20137,-79.2581661
-79.1214313,33.4332236,locality,approximate,"pawleys island, sc, usa",33.448093,33.3986629,-79.1086551,-79.1394889
-96.890402,32.9233035,establishment,rooftop,"the rose gardens of farmers branch, 2610 valley view ln, farmers branch, tx 75234, usa",32.92465248,32.92195452,-96.88905302,-96.89175098
-89.4592609,40.6128161,locality,approximate,"morton, il, usa",40.6622379,40.556143,-89.4216758,-89.5167039
-96.7022211,40.8077158,establishment,rooftop,"1301 lincoln mall, lincoln, ne 68508, usa",40.80906478,40.80636682,-96.70087212,-96.70357008
-75.446922,40.1017506,establishment,rooftop,"valley forge national historical park, 1400 n outer line dr, king of prussia, pa 19406, usa",40.10309958,40.10040162,-75.44557302,-75.44827098
-71.069379,42.351179,establishment,rooftop,"20 park plaza #1420, boston, ma 02116, usa",42.35252798,42.34983002,-71.06803002,-71.07072798